No.,Ticker,②自己資本比率,⑤業界/セクター,⑧当期売上高,成長率(最新),成長率(1期前),成長率(2期前),⑨当期純利益,利益率,配当率,⑬フェアバリュー,⑭判定,⑮自作シグナル,⑯保有,更新日時
1,DHT,N/A,Energy / Oil & Gas Midstream,659443968,-12.83%,2.00%,23.43%,211092000.0,32.01%,14.37%,17.08,適正,-,保有,2026-05-15 07:58:42
2,NAT,N/A,Energy / Oil & Gas Midstream,292420000,-16.60%,-10.71%,15.43%,12271000.0,4.20%,8.39%,3.86,割高,-,保有,2026-05-15 07:58:42
3,TRMD,N/A,Energy / Oil & Gas Midstream,1412400000,-14.09%,2.55%,5.33%,285300000.0,20.20%,8.58%,46.76,超割安,-,保有,2026-05-15 07:58:42
4,XLF,N/A, / ,,-,-,-,,-,1.52%,-,-,-,保有,2026-05-15 07:58:42
5,BYND,N/A,Consumer Defensive / Packaged Foods,264971008,-15.61%,-4.93%,-18.04%,178012000.0,67.18%,0.00%,-,-,-,保有,2026-05-15 07:58:42
6,DKNG,N/A,Consumer Cyclical / Gambling,6291794944,26.99%,30.07%,63.60%,3710000.0,0.06%,0.00%,6.92,割高,-,保有,2026-05-15 07:58:42
7,EPI,N/A, / ,,-,-,-,,-,0.00%,-,-,-,保有,2026-05-15 07:58:42
8,FRO,N/A,Energy / Oil & Gas Midstream,1965104000,-4.16%,13.77%,26.01%,379081000.0,19.29%,4.73%,28.05,割高,-,保有,2026-05-15 07:58:42
9,GLDM,N/A, / ,,-,-,-,,-,0.00%,-,-,-,保有,2026-05-15 07:58:42
10,NIO,N/A,Consumer Cyclical / Auto Manufacturers,87487512576,33.10%,18.18%,12.89%,-15570678000.0,-17.80%,0.00%,-,-,-,保有,2026-05-15 07:58:42
11,QS,N/A,Consumer Cyclical / Auto Parts,-,-,-,-,-435050000.0,-,0.00%,-,-,-,保有,2026-05-15 07:58:42
12,SNDL,N/A,Consumer Defensive / Beverages - Wineries & Distilleries,937393024,2.82%,1.26%,27.63%,-15774000.0,-1.68%,0.00%,1.44,適正,-,保有,2026-05-15 07:58:42
13,SWKS,N/A,Technology / Semiconductors,4044300032,-2.18%,-12.45%,-13.00%,477100000.0,11.80%,4.17%,66.69,適正,-,保有,2026-05-15 07:58:42
14,TSM,N/A,Technology / Semiconductors,4103903379456,31.61%,33.89%,-4.51%,1697604000000.0,41.37%,0.95%,53.27,割高,-,保有,2026-05-15 07:58:42
15,UBER,N/A,Technology / Software - Application,53687001088,18.28%,17.96%,16.95%,10053000000.0,18.73%,0.00%,35.77,割高,-,保有,2026-05-15 07:58:42
16,WIT,N/A,Technology / Information Technology Services,926240014336,-100.00%,-0.75%,-0.80%,-,-,10.54%,1.78,適正,-,保有,2026-05-15 07:58:42
17,ZG,N/A,Communication Services / Internet Content & Information,2692999936,15.52%,14.96%,-0.66%,23000000.0,0.85%,0.00%,37.26,適正,-,-,2026-05-15 07:58:42
18,VOO,N/A, / ,,-,-,-,,-,1.08%,-,-,-,保有,2026-05-15 07:58:42
19,IVV,N/A, / ,,-,-,-,,-,1.12%,-,-,-,-,2026-05-15 07:58:42
20,VTI,N/A, / ,,-,-,-,,-,1.06%,-,-,-,保有,2026-05-15 07:58:42
21,QQQ,N/A, / ,,-,-,-,,-,0.42%,-,-,-,保有,2026-05-15 07:58:42
22,SPY,N/A, / ,,-,-,-,,-,1.03%,-,-,-,-,2026-05-15 07:58:42
23,DIA,N/A, / ,,-,-,-,,-,1.42%,-,-,-,-,2026-05-15 07:58:42
24,IWM,N/A, / ,,-,-,-,,-,0.91%,-,-,-,-,2026-05-15 07:58:42
25,VIG,N/A, / ,,-,-,-,,-,1.51%,-,-,-,-,2026-05-15 07:58:42
26,VYM,N/A, / ,,-,-,-,,-,2.24%,-,-,-,-,2026-05-15 07:58:42
27,HDV,N/A, / ,,-,-,-,,-,2.88%,-,-,-,保有,2026-05-15 07:58:42
28,SPYD,N/A, / ,,-,-,-,,-,4.23%,-,-,-,保有,2026-05-15 07:58:42
29,XLK,N/A, / ,,-,-,-,,-,0.48%,-,-,-,-,2026-05-15 07:58:42
30,XLV,N/A, / ,,-,-,-,,-,1.72%,-,-,-,-,2026-05-15 07:58:42
31,XLY,N/A, / ,,-,-,-,,-,0.75%,-,-,-,-,2026-05-15 07:58:42
32,XLP,N/A, / ,,-,-,-,,-,2.58%,-,-,-,-,2026-05-15 07:58:42
33,XLI,N/A, / ,,-,-,-,,-,1.17%,-,-,-,-,2026-05-15 07:58:42
34,XLE,N/A, / ,,-,-,-,,-,2.50%,-,-,-,-,2026-05-15 07:58:42
35,XLB,N/A, / ,,-,-,-,,-,1.70%,-,-,-,-,2026-05-15 07:58:42
36,XLRE,N/A, / ,,-,-,-,,-,3.15%,-,-,-,-,2026-05-15 07:58:42
37,XLU,N/A, / ,,-,-,-,,-,2.54%,-,-,-,-,2026-05-15 07:58:42
38,SMH,N/A, / ,,-,-,-,,-,0.22%,-,-,-,-,2026-05-15 07:58:42
39,SOXX,N/A, / ,,-,-,-,,-,0.36%,-,-,-,-,2026-05-15 07:58:42
40,ARKK,N/A, / ,,-,-,-,,-,0.00%,-,-,-,-,2026-05-15 07:58:42
41,VT,N/A, / ,,-,-,-,,-,1.67%,-,-,-,-,2026-05-15 07:58:42
42,VEA,N/A, / ,,-,-,-,,-,2.73%,-,-,-,-,2026-05-15 07:58:42
43,VWO,N/A, / ,,-,-,-,,-,2.48%,-,-,-,-,2026-05-15 07:58:42
44,BND,N/A, / ,,-,-,-,,-,3.93%,-,-,-,-,2026-05-15 07:58:42
45,AGG,N/A, / ,,-,-,-,,-,3.95%,-,-,-,-,2026-05-15 07:58:42
46,LQD,N/A, / ,,-,-,-,,-,4.55%,-,-,-,-,2026-05-15 07:58:42
47,TQQQ,N/A, / ,,-,-,-,,-,0.50%,-,-,-,-,2026-05-15 07:58:42
48,SQQQ,N/A, / ,,-,-,-,,-,8.99%,-,-,-,-,2026-05-15 07:58:42
49,SOXL,N/A, / ,,-,-,-,,-,0.06%,-,-,-,-,2026-05-15 07:58:42
50,SOXS,N/A, / ,,-,-,-,,-,25.18%,-,-,-,-,2026-05-15 07:58:42
51,TECL,N/A, / ,,-,-,-,,-,5.71%,-,-,-,-,2026-05-15 07:58:42
52,WEBL,N/A, / ,,-,-,-,,-,0.22%,-,-,-,-,2026-05-15 07:58:42
53,CURE,N/A, / ,,-,-,-,,-,1.33%,-,-,-,-,2026-05-15 07:58:42
54,FAS,N/A, / ,,-,-,-,,-,10.14%,-,-,-,-,2026-05-15 07:58:42
55,LABU,N/A, / ,,-,-,-,,-,0.69%,-,-,-,-,2026-05-15 07:58:42
56,TMF,N/A, / ,,-,-,-,,-,4.16%,-,-,-,-,2026-05-15 07:58:42
57,TLT,N/A, / ,,-,-,-,,-,4.57%,-,-,-,-,2026-05-15 07:58:42
58,IEF,N/A, / ,,-,-,-,,-,3.85%,-,-,-,-,2026-05-15 07:58:42
59,SHY,N/A, / ,,-,-,-,,-,3.72%,-,-,-,-,2026-05-15 07:58:42
60,TIP,N/A, / ,,-,-,-,,-,2.77%,-,-,-,-,2026-05-15 07:58:42
61,HYG,N/A, / ,,-,-,-,,-,5.82%,-,-,-,-,2026-05-15 07:58:42
62,JNK,N/A, / ,,-,-,-,,-,6.59%,-,-,-,-,2026-05-15 07:58:42
63,EMB,N/A, / ,,-,-,-,,-,5.06%,-,-,-,-,2026-05-15 07:58:42
64,VWOB,N/A, / ,,-,-,-,,-,5.85%,-,-,-,-,2026-05-15 07:58:42
65,GLD,N/A, / ,,-,-,-,,-,0.00%,-,-,-,-,2026-05-15 07:58:42
66,IAU,N/A, / ,,-,-,-,,-,0.00%,-,-,-,-,2026-05-15 07:58:42
67,SLV,N/A, / ,,-,-,-,,-,0.00%,-,-,-,-,2026-05-15 07:58:42
68,DBC,N/A, / ,,-,-,-,,-,2.40%,-,-,-,-,2026-05-15 07:58:42
69,GSG,N/A, / ,,-,-,-,,-,0.00%,-,-,-,-,2026-05-15 07:58:42
70,PAVE,N/A, / ,,-,-,-,,-,0.77%,-,-,-,-,2026-05-15 07:58:42
71,LIT,N/A, / ,,-,-,-,,-,0.36%,-,-,-,-,2026-05-15 07:58:42
72,TAN,N/A, / ,,-,-,-,,-,0.00%,-,-,-,-,2026-05-15 07:58:42
73,FAN,N/A, / ,,-,-,-,,-,0.95%,-,-,-,-,2026-05-15 07:58:42
74,KWEB,N/A, / ,,-,-,-,,-,7.42%,-,-,-,-,2026-05-15 07:58:42
75,SKYY,N/A, / ,,-,-,-,,-,0.00%,-,-,-,-,2026-05-15 07:58:42
76,BOTZ,N/A, / ,,-,-,-,,-,0.62%,-,-,-,-,2026-05-15 07:58:42
77,QQQM,N/A, / ,,-,-,-,,-,0.46%,-,-,-,-,2026-05-15 07:58:42
78,SPLG,N/A, / ,,-,-,-,,-,1.13%,-,-,-,-,2026-05-15 07:58:42
79,SCHD,N/A, / ,,-,-,-,,-,3.29%,-,-,-,-,2026-05-15 07:58:42
80,DGRO,N/A, / ,,-,-,-,,-,2.00%,-,-,-,-,2026-05-15 07:58:42
81,COWZ,N/A, / ,,-,-,-,,-,2.03%,-,-,-,-,2026-05-15 07:58:42
82,MOAT,N/A, / ,,-,-,-,,-,1.40%,-,-,-,-,2026-05-15 07:58:42
83,NOBL,N/A, / ,,-,-,-,,-,2.09%,-,-,-,-,2026-05-15 07:58:42
84,RDVY,N/A, / ,,-,-,-,,-,0.94%,-,-,-,-,2026-05-15 07:58:42
85,QUAL,N/A, / ,,-,-,-,,-,0.91%,-,-,-,-,2026-05-15 07:58:42
86,MTUM,N/A, / ,,-,-,-,,-,0.69%,-,-,-,-,2026-05-15 07:58:42
87,VLUE,N/A, / ,,-,-,-,,-,1.70%,-,-,-,-,2026-05-15 07:58:42
88,USMV,N/A, / ,,-,-,-,,-,1.55%,-,-,-,-,2026-05-15 07:58:42
89,MGK,N/A, / ,,-,-,-,,-,0.34%,-,-,-,-,2026-05-15 07:58:42
90,VONG,N/A, / ,,-,-,-,,-,0.45%,-,-,-,-,2026-05-15 07:58:42
91,VUG,N/A, / ,,-,-,-,,-,0.40%,-,-,-,-,2026-05-15 07:58:42
92,SCHG,N/A, / ,,-,-,-,,-,0.38%,-,-,-,-,2026-05-15 07:58:42
93,IVW,N/A, / ,,-,-,-,,-,0.38%,-,-,-,-,2026-05-15 07:58:42
94,IWF,N/A, / ,,-,-,-,,-,0.35%,-,-,-,-,2026-05-15 07:58:42
95,VTV,N/A, / ,,-,-,-,,-,1.92%,-,-,-,-,2026-05-15 07:58:42
96,SCHV,N/A, / ,,-,-,-,,-,1.85%,-,-,-,-,2026-05-15 07:58:42
97,IVE,N/A, / ,,-,-,-,,-,1.54%,-,-,-,-,2026-05-15 07:58:42
98,IWD,N/A, / ,,-,-,-,,-,1.55%,-,-,-,-,2026-05-15 07:58:42
99,COW,N/A, / ,,-,-,-,,-,0.00%,-,-,-,-,2026-05-15 07:58:42
100,DBA,N/A, / ,,-,-,-,,-,3.26%,-,-,-,-,2026-05-15 07:58:42
101,UNG,N/A, / ,,-,-,-,,-,0.00%,-,-,-,-,2026-05-15 07:58:42
102,EWJ,N/A, / ,,-,-,-,,-,4.08%,-,-,-,-,2026-05-15 07:58:42
103,DXJ,N/A, / ,,-,-,-,,-,1.15%,-,-,-,-,2026-05-15 07:58:42
104,BBJP,N/A, / ,,-,-,-,,-,4.86%,-,-,-,-,2026-05-15 07:58:42
105,EWU,N/A, / ,,-,-,-,,-,3.47%,-,-,-,-,2026-05-15 07:58:42
106,EWG,N/A, / ,,-,-,-,,-,1.61%,-,-,-,-,2026-05-15 07:58:42
107,EFA,N/A, / ,,-,-,-,,-,3.17%,-,-,-,-,2026-05-15 07:58:42
108,EFG,N/A, / ,,-,-,-,,-,2.41%,-,-,-,-,2026-05-15 07:58:42
109,IEFA,N/A, / ,,-,-,-,,-,3.32%,-,-,-,-,2026-05-15 07:58:42
110,SCZ,N/A, / ,,-,-,-,,-,3.05%,-,-,-,-,2026-05-15 07:58:42
111,ACWI,N/A, / ,,-,-,-,,-,1.45%,-,-,-,-,2026-05-15 07:58:42
112,VXUS,N/A, / ,,-,-,-,,-,2.76%,-,-,-,-,2026-05-15 07:58:42
113,BNDX,N/A, / ,,-,-,-,,-,4.47%,-,-,-,-,2026-05-15 07:58:42
114,IGSB,N/A, / ,,-,-,-,,-,4.53%,-,-,-,-,2026-05-15 07:58:42
115,VCIT,N/A, / ,,-,-,-,,-,4.74%,-,-,-,-,2026-05-15 07:58:42
116,VCLT,N/A, / ,,-,-,-,,-,5.64%,-,-,-,-,2026-05-15 07:58:42
117,AAPL,N/A,Technology / Consumer Electronics,451442016256,6.43%,2.02%,-2.80%,112010000000.0,24.81%,0.36%,39.57,割高,-,-,2026-05-15 07:58:42
118,MSFT,N/A,Technology / Software - Infrastructure,318272995328,14.93%,15.67%,6.88%,101832000000.0,32.00%,0.90%,155.85,割高,-,-,2026-05-15 07:58:42
119,NVDA,N/A,Technology / Semiconductors,215938007040,65.47%,114.20%,125.85%,120067000000.0,55.60%,0.02%,40.69,割高,-,-,2026-05-15 07:58:42
120,AVGO,N/A,Technology / Semiconductors,68281999360,23.87%,43.99%,7.88%,23126000000.0,33.87%,0.62%,83.11,割高,-,-,2026-05-15 07:58:42
121,ORCL,N/A,Technology / Software - Infrastructure,64076001280,8.38%,6.02%,17.70%,12443000000.0,19.42%,1.05%,45.92,割高,-,-,2026-05-15 07:58:42
122,CSCO,N/A,Technology / Communication Equipment,59053998080,5.30%,-5.61%,10.55%,10180000000.0,17.24%,1.65%,35.56,割高,-,-,2026-05-15 07:58:42
123,ADI,N/A,Technology / Semiconductors,11756795904,16.89%,-23.39%,2.43%,2267342000.0,19.29%,0.94%,143.52,割高,-,-,2026-05-15 07:58:42
124,TXN,N/A,Technology / Semiconductors,18438000640,13.05%,-10.72%,-12.53%,5001000000.0,27.12%,1.85%,62.53,割高,-,-,2026-05-15 07:58:42
125,QCOM,N/A,Technology / Semiconductors,44486000640,13.66%,8.77%,-18.96%,5541000000.0,12.46%,1.73%,78.51,割高,-,-,2026-05-15 07:58:42
126,AMD,N/A,Technology / Semiconductors,37454000128,34.34%,13.69%,-3.90%,4335000000.0,11.57%,0.00%,107.17,割高,-,-,2026-05-15 07:58:42
127,NOW,N/A,Technology / Software - Application,13959999488,20.88%,22.44%,23.82%,1748000000.0,12.52%,0.00%,35.86,割高,-,-,2026-05-15 07:58:42
128,FISV,N/A, / ,21193000000.0,3.60%,7.14%,7.65%,3480000000.0,16.42%,0.00%,-,-,-,-,2026-05-15 07:58:42
129,MU,N/A,Technology / Semiconductors,58119000064,48.85%,61.59%,-49.48%,8539000000.0,14.69%,0.07%,383.55,割高,-,-,2026-05-15 07:58:42
130,AMAT,N/A,Technology / Semiconductor Equipment & Materials,28213999616,4.39%,2.49%,2.84%,6998000000.0,24.80%,0.49%,94.35,割高,-,-,2026-05-15 07:58:42
131,LRCX,N/A,Technology / Semiconductor Equipment & Materials,21681844224,23.68%,-14.48%,1.17%,5358217000.0,24.71%,0.35%,38.82,割高,-,-,2026-05-15 07:58:42
132,ADSK,N/A,Technology / Software - Application,7206000128,17.53%,11.53%,9.83%,1124000000.0,15.60%,0.00%,67.53,割高,-,-,2026-05-15 07:58:42
133,PANW,N/A,Technology / Software - Infrastructure,9893499904,14.87%,16.46%,25.29%,1133900000.0,11.46%,0.00%,34.55,割高,-,-,2026-05-15 07:58:42
134,IBM,N/A,Technology / Information Technology Services,68910997504,7.62%,1.44%,2.20%,10593000000.0,15.37%,3.15%,103.05,割高,-,-,2026-05-15 07:58:42
135,INTU,N/A,Technology / Software - Application,20120999936,15.63%,13.34%,12.90%,3869000000.0,19.23%,1.25%,202.28,割高,-,-,2026-05-15 07:58:42
136,HPQ,N/A,Technology / Computer Hardware,56228999168,3.24%,-0.30%,-14.61%,2529000000.0,4.50%,5.64%,-,-,-,-,2026-05-15 07:58:42
137,CRM,N/A,Technology / Software - Application,41524998144,9.58%,8.72%,11.18%,7457000000.0,17.96%,1.06%,146.27,適正,-,-,2026-05-15 07:58:42
138,ACN,N/A,Technology / Information Technology Services,72110325760,7.36%,1.22%,4.09%,7678433000.0,10.65%,4.08%,130.48,適正,-,-,2026-05-15 07:58:42
139,ADBE,N/A,Technology / Software - Application,24452999168,10.53%,10.80%,10.24%,7130000000.0,29.16%,0.00%,129.3,割高,-,-,2026-05-15 07:58:42
140,SAP,N/A,Technology / Software - Application,37341999104,7.68%,9.51%,5.72%,7161000000.0,19.18%,1.82%,96.92,割高,-,-,2026-05-15 07:58:42
141,SNOW,N/A,Technology / Software - Application,4683945984,29.16%,29.21%,35.86%,-1331616000.0,-28.43%,0.00%,17.49,割高,-,-,2026-05-15 07:58:42
142,TEAM,N/A,Technology / Software - Application,6190182912,19.66%,23.31%,26.11%,-256687000.0,-4.15%,0.00%,28.97,割高,-,-,2026-05-15 07:58:42
143,NET,N/A,Technology / Software - Infrastructure,2328604928,29.85%,28.76%,32.97%,-102267000.0,-4.39%,0.00%,11.91,割高,-,-,2026-05-15 07:58:42
144,CRWD,N/A,Technology / Software - Infrastructure,4812004864,21.71%,29.39%,36.33%,-162502000.0,-3.38%,0.00%,49.27,割高,-,-,2026-05-15 07:58:42
145,ZS,N/A,Technology / Software - Infrastructure,3001123072,23.31%,34.07%,48.22%,-41478000.0,-1.38%,0.00%,37.57,割高,-,-,2026-05-15 07:58:42
146,OKTA,N/A,Technology / Software - Infrastructure,2919000064,11.84%,15.33%,21.80%,235000000.0,8.05%,0.00%,61.31,割高,-,-,2026-05-15 07:58:42
147,MDB,N/A,Technology / Software - Infrastructure,2463796992,22.79%,19.22%,31.07%,-71151000.0,-2.89%,0.00%,76.45,割高,-,-,2026-05-15 07:58:42
148,DDOG,N/A,Technology / Software - Application,3672030976,27.68%,26.12%,27.06%,107741000.0,2.93%,0.00%,26.75,割高,-,-,2026-05-15 07:58:42
149,SHOP,N/A,Technology / Software - Application,12366000128,30.14%,25.78%,26.07%,1231000000.0,9.95%,0.00%,23.23,割高,-,-,2026-05-15 07:58:42
150,KLAC,N/A,Technology / Semiconductor Equipment & Materials,13096660992,23.89%,-6.51%,13.94%,4061643000.0,31.01%,0.50%,216.12,割高,-,-,2026-05-15 07:58:42
151,SNPS,N/A,Technology / Software - Infrastructure,8007661056,15.12%,15.22%,15.22%,1332220000.0,16.64%,0.00%,247.41,割高,-,-,2026-05-15 07:58:42
152,CDNS,N/A,Technology / Software - Application,5528612864,14.12%,13.48%,14.83%,1108888000.0,20.06%,0.00%,71.35,割高,-,-,2026-05-15 07:58:42
153,MCHP,N/A,Technology / Semiconductors,4713099776,-42.35%,-9.53%,23.72%,-500000.0,-0.01%,1.88%,33.07,割高,-,-,2026-05-15 07:58:42
154,ON,N/A,Technology / Semiconductors,6063000064,-15.35%,-14.19%,-0.88%,121000000.0,2.00%,0.00%,42.29,割高,-,-,2026-05-15 07:58:42
155,MPWR,N/A,Technology / Semiconductors,2957090048,26.43%,21.20%,1.50%,621483000.0,21.02%,0.48%,225.37,割高,-,-,2026-05-15 07:58:42
156,GFS,N/A,Technology / Semiconductors,6840000000,0.61%,-8.69%,-8.83%,885000000.0,12.94%,0.64%,34.6,割高,-,-,2026-05-15 07:58:42
157,NXPI,N/A,Technology / Semiconductors,12615000064,-2.74%,-4.99%,0.54%,2021000000.0,16.02%,1.36%,130.98,割高,-,-,2026-05-15 07:58:42
158,MRVL,N/A,Technology / Semiconductors,8194599936,42.09%,4.71%,-6.96%,2670100000.0,32.58%,0.13%,45.39,割高,-,-,2026-05-15 07:58:42
159,ASML,N/A,Technology / Semiconductor Equipment & Materials,33692700672,15.58%,2.56%,30.16%,9609400000.0,28.52%,0.56%,35.11,割高,-,-,2026-05-15 07:58:42
160,ARM,N/A,Technology / Semiconductors,4671000064,-100.00%,23.94%,20.68%,-,-,0.00%,22.46,割高,-,-,2026-05-15 07:58:42
161,FSLR,N/A,Technology / Solar,5419047936,24.09%,26.75%,26.70%,1528229000.0,28.20%,0.00%,222.98,適正,-,-,2026-05-15 07:58:42
162,ENPH,N/A,Technology / Solar,1399800960,10.72%,-41.92%,-1.72%,172133000.0,12.30%,0.00%,21.43,割高,-,-,2026-05-15 07:58:42
163,TEL,N/A,Technology / Electronic Components,18695999488,8.94%,-1.18%,-1.52%,1842000000.0,9.85%,1.40%,112.06,割高,-,-,2026-05-15 07:58:42
164,MSI,N/A,Technology / Communication Equipment,11868000256,8.00%,8.41%,9.50%,2154000000.0,18.15%,1.22%,77.79,割高,-,-,2026-05-15 07:58:42
165,HPE,N/A,Technology / Communication Equipment,35742998528,13.84%,3.40%,2.24%,57000000.0,0.16%,1.78%,33.81,適正,-,-,2026-05-15 07:58:42
166,STX,N/A,Technology / Computer Hardware,11009999872,38.86%,-11.28%,-36.68%,1469000000.0,13.34%,0.36%,35.27,割高,-,-,2026-05-15 07:58:42
167,WDC,N/A,Technology / Computer Hardware,11777000448,50.70%,0.99%,-66.72%,1861000000.0,15.80%,0.12%,90.54,割高,-,-,2026-05-15 07:58:42
168,TER,N/A,Technology / Semiconductor Equipment & Materials,3786838016,13.13%,5.36%,-15.17%,554047000.0,14.63%,0.14%,61.92,割高,-,-,2026-05-15 07:58:42
169,TYL,N/A,Technology / Software - Application,2380677888,9.10%,9.53%,5.49%,315603000.0,13.26%,0.00%,166.57,割高,-,-,2026-05-15 07:58:42
170,AKAM,N/A,Technology / Software - Infrastructure,4266646016,5.44%,4.70%,5.40%,452031000.0,10.59%,0.00%,74.13,割高,-,-,2026-05-15 07:58:42
171,FICO,N/A,Technology / Software - Application,2255802112,15.91%,13.48%,9.90%,651946000.0,28.90%,0.00%,-,-,-,-,2026-05-15 07:58:42
172,KEYS,N/A,Technology / Scientific & Technical Instruments,5677000192,7.95%,-8.88%,0.81%,850000000.0,14.97%,0.00%,91.72,割高,-,-,2026-05-15 07:58:42
173,GOOGL,N/A,Communication Services / Internet Content & Information,422498009088,15.09%,13.87%,8.68%,132170000000.0,31.28%,0.22%,113.4,割高,-,-,2026-05-15 07:58:42
174,META,N/A,Communication Services / Internet Content & Information,214962995200,22.17%,21.94%,15.69%,60458000000.0,28.12%,0.34%,279.59,割高,-,-,2026-05-15 07:58:42
175,VZ,N/A,Communication Services / Telecom Services,139146002432,2.52%,0.61%,-2.09%,17174000000.0,12.34%,5.99%,54.21,割安,-,-,2026-05-15 07:58:42
176,DIS,N/A,Communication Services / Entertainment,97263001600,3.35%,2.77%,7.47%,12404000000.0,12.75%,1.43%,101.31,適正,-,-,2026-05-15 07:58:42
177,T,N/A,Communication Services / Telecom Services,126527995904,2.71%,-0.08%,1.40%,21953000000.0,17.35%,4.49%,30.06,割安,-,-,2026-05-15 07:58:42
178,NFLX,N/A,Communication Services / Entertainment,46889992192,15.85%,15.65%,6.67%,10981201000.0,23.42%,0.00%,25.27,割高,-,-,2026-05-15 07:58:42
179,CMCSA,N/A,Communication Services / Telecom Services,125277003776,-0.02%,1.78%,0.12%,19998000000.0,15.96%,5.29%,46.01,超割安,-,-,2026-05-15 07:58:42
180,CHTR,N/A,Communication Services / Telecom Services,54635999232,-0.56%,0.88%,1.08%,4987000000.0,9.13%,0.00%,364.07,超割安,-,-,2026-05-15 07:58:42
181,TMUS,N/A,Communication Services / Telecom Services,90529996800,8.49%,3.62%,-1.27%,10992000000.0,12.14%,2.14%,129.56,割高,-,-,2026-05-15 07:58:42
182,ROKU,N/A,Communication Services / Entertainment,4965457920,15.18%,18.03%,11.45%,88361000.0,1.78%,0.00%,37.07,割高,-,-,2026-05-15 07:58:42
183,SNAP,N/A,Communication Services / Internet Content & Information,6097020928,10.63%,16.40%,0.09%,-460489000.0,-7.55%,0.00%,4.66,適正,-,-,2026-05-15 07:58:42
184,PINS,N/A,Communication Services / Internet Content & Information,4374292992,15.79%,19.35%,9.01%,416855000.0,9.53%,0.00%,18.96,適正,-,-,2026-05-15 07:58:42
185,BIDU,N/A,Communication Services / Internet Content & Information,129079001088,-3.04%,-1.09%,8.83%,5589000000.0,4.33%,0.00%,153.38,割安,-,-,2026-05-15 07:58:42
186,SPOT,N/A,Communication Services / Internet Content & Information,17528999936,9.65%,18.31%,12.96%,2212000000.0,12.62%,0.00%,141.4,割高,-,-,2026-05-15 07:58:42
187,LYV,N/A,Communication Services / Entertainment,25612318720,8.83%,1.89%,36.24%,495972000.0,1.94%,0.00%,7.51,割高,-,-,2026-05-15 07:58:42
188,WMG,N/A,Communication Services / Entertainment,7128999936,4.37%,6.44%,1.99%,365000000.0,5.12%,2.32%,7.87,割高,-,-,2026-05-15 07:58:42
189,EA,N/A,Communication Services / Electronic Gaming & Multimedia,7530999808,-100.00%,-1.31%,1.83%,-,-,0.38%,77.07,割高,-,-,2026-05-15 07:58:42
190,TTWO,N/A,Communication Services / Electronic Gaming & Multimedia,6559099904,5.31%,-0.01%,52.64%,-4478900000.0,-68.29%,0.00%,58.11,割高,-,-,2026-05-15 07:58:42
191,MTCH,N/A,Communication Services / Internet Content & Information,3519952896,0.22%,3.41%,5.51%,613446000.0,17.43%,2.22%,-,-,-,-,2026-05-15 07:58:42
192,SIRI,N/A,Communication Services / Entertainment,8581000192,-1.62%,-2.84%,-0.56%,805000000.0,9.38%,4.10%,51.39,超割安,-,-,2026-05-15 07:58:42
193,FOXA,N/A,Communication Services / Entertainment,16200999936,16.60%,-6.26%,6.72%,2263000000.0,13.97%,0.84%,57.04,適正,-,-,2026-05-15 07:58:42
194,NYT,N/A,Communication Services / Publishing,2874144000,9.24%,6.59%,5.10%,343981000.0,11.97%,1.19%,29.87,割高,-,-,2026-05-15 07:58:42
195,WPP,N/A,Communication Services / Advertising Agencies,13550000128,-8.08%,-0.70%,2.88%,-215000000.0,-1.59%,5.85%,15.27,適正,-,-,2026-05-15 07:58:42
196,TME,N/A,Communication Services / Internet Content & Information,33440999424,15.85%,2.34%,-2.07%,11056000000.0,33.06%,2.68%,13.38,超割安,-,-,2026-05-15 07:58:42
197,DASH,N/A,Consumer Cyclical / Internet Retail,14721000448,27.93%,24.17%,31.17%,935000000.0,6.35%,0.00%,63.3,割高,-,-,2026-05-15 07:58:42
198,SE,N/A,Consumer Cyclical / Internet Retail,25194858496,36.38%,28.75%,4.93%,1578149000.0,6.26%,0.00%,49.16,割高,-,-,2026-05-15 07:58:42
199,TCEHY,N/A,Communication Services / Internet Content & Information,768201981952,13.86%,8.41%,9.82%,224842000000.0,29.27%,1.11%,46.11,適正,-,-,2026-05-15 07:58:42
200,NTES,N/A,Communication Services / Electronic Gaming & Multimedia,112625803264,6.96%,1.77%,7.23%,33759800000.0,29.98%,2.48%,41.25,割高,-,-,2026-05-15 07:58:42
201,BABA,N/A,Consumer Cyclical / Internet Retail,1023670026240,5.86%,8.34%,1.83%,130109000000.0,12.71%,0.72%,117.7,適正,-,-,2026-05-15 07:58:42
202,JD,N/A,Consumer Cyclical / Internet Retail,1323697045504,12.97%,6.84%,3.67%,19631000000.0,1.48%,2.96%,47.51,超割安,-,-,2026-05-15 07:58:42
203,AMZN,N/A,Consumer Cyclical / Internet Retail,742775980032,12.38%,10.99%,11.83%,77670000000.0,10.46%,0.00%,95.53,割高,-,-,2026-05-15 07:58:42
204,TSLA,N/A,Consumer Cyclical / Auto Manufacturers,97878999040,-2.93%,0.95%,18.80%,3794000000.0,3.88%,0.00%,35.19,割高,-,-,2026-05-15 07:58:42
205,HD,N/A,Consumer Cyclical / Home Improvement Retail,164683005952,3.24%,4.48%,-3.01%,14156000000.0,8.60%,3.08%,68.71,割高,-,-,2026-05-15 07:58:42
206,MCD,N/A,Consumer Cyclical / Restaurants,27445999616,3.72%,1.67%,9.98%,8563000000.0,31.20%,2.70%,-,-,-,-,2026-05-15 07:58:42
207,NKE,N/A,Consumer Cyclical / Footwear & Accessories,46522998784,-9.84%,0.28%,9.65%,3219000000.0,6.92%,3.87%,19.77,割高,-,-,2026-05-15 07:58:42
208,LOW,N/A,Consumer Cyclical / Home Improvement Retail,86286000128,3.12%,-3.13%,-11.01%,6654000000.0,7.71%,2.18%,-,-,-,-,2026-05-15 07:58:42
209,SBUX,N/A,Consumer Cyclical / Restaurants,38471598080,2.79%,0.56%,11.55%,1856400000.0,4.83%,2.34%,-,-,-,-,2026-05-15 07:58:42
210,TJX,N/A,Consumer Cyclical / Apparel Retail,60372000768,7.12%,3.95%,8.57%,5494000000.0,9.10%,1.31%,34.27,割高,-,-,2026-05-15 07:58:42
211,BKNG,N/A,Consumer Cyclical / Travel Services,27687000064,13.39%,11.11%,25.01%,5404000000.0,19.52%,1.04%,-,-,-,-,2026-05-15 07:58:42
212,FDX,N/A,Industrials / Integrated Freight & Logistics,91932999680,0.27%,-2.73%,-3.59%,4092000000.0,4.45%,1.57%,250.52,割高,-,-,2026-05-15 07:58:42
213,MAR,N/A,Consumer Cyclical / Lodging,7184000000,4.33%,5.85%,14.15%,2601000000.0,36.21%,0.83%,-,-,-,-,2026-05-15 07:58:42
214,KDP,N/A,Consumer Defensive / Beverages - Non-Alcoholic,16944000000,8.16%,3.62%,5.39%,2079000000.0,12.27%,3.14%,32.48,割安,-,-,2026-05-15 07:58:42
215,F,N/A,Consumer Cyclical / Auto Manufacturers,189861003264,1.23%,5.00%,11.47%,-8182000000.0,-4.31%,4.42%,19.79,割安,-,-,2026-05-15 07:58:42
216,GM,N/A,Consumer Cyclical / Auto Manufacturers,184623005696,-1.29%,9.08%,9.64%,2697000000.0,1.46%,0.95%,147.54,超割安,-,-,2026-05-15 07:58:42
217,EBAY,N/A,Consumer Cyclical / Internet Retail,11603999744,7.95%,1.69%,3.24%,2031000000.0,17.50%,1.10%,39.55,割高,-,-,2026-05-15 07:58:42
218,AZO,N/A,Consumer Cyclical / Auto Parts,19609792512,2.43%,5.92%,7.41%,2498247000.0,12.74%,0.00%,-,-,-,-,2026-05-15 07:58:42
219,ORLY,N/A,Consumer Cyclical / Auto Parts,18205607936,6.42%,5.67%,9.73%,2538209000.0,13.94%,0.00%,-,-,-,-,2026-05-15 07:58:42
220,LVS,N/A,Consumer Cyclical / Resorts & Casinos,13740000256,15.22%,8.93%,152.36%,1627000000.0,11.84%,2.14%,12.24,割高,-,-,2026-05-15 07:58:42
221,YUM,N/A,Consumer Cyclical / Restaurants,8486000128,8.81%,6.68%,3.42%,1559000000.0,18.37%,2.00%,-,-,-,-,2026-05-15 07:58:42
222,ABNB,N/A,Consumer Cyclical / Travel Services,12647000064,10.26%,11.95%,18.07%,2511000000.0,19.85%,0.00%,41.78,割高,-,-,2026-05-15 07:58:42
223,LYFT,N/A,Technology / Software - Application,6516577792,9.16%,31.39%,7.53%,2844008000.0,43.64%,0.00%,18.92,超割安,-,-,2026-05-15 07:58:42
224,RCL,N/A,Consumer Cyclical / Travel Services,18388000768,8.79%,18.60%,57.24%,4268000000.0,23.21%,1.89%,128.27,割高,-,-,2026-05-15 07:58:42
225,CCL,N/A,Consumer Cyclical / Travel Services,26976999424,6.39%,15.88%,77.44%,2760000000.0,10.23%,1.20%,23.44,適正,-,-,2026-05-15 07:58:42
226,NCLH,N/A,Consumer Cyclical / Travel Services,10031259648,3.67%,10.87%,76.51%,423246000.0,4.22%,0.00%,15.14,適正,-,-,2026-05-15 07:58:42
227,CMG,N/A,Consumer Cyclical / Restaurants,12138590208,5.41%,14.61%,14.33%,1535761000.0,12.65%,0.00%,7.56,割高,-,-,2026-05-15 07:58:42
228,DRI,N/A,Consumer Cyclical / Restaurants,12763799552,6.03%,8.60%,8.91%,1049600000.0,8.22%,3.11%,68.5,割高,-,-,2026-05-15 07:58:42
229,HLT,N/A,Consumer Cyclical / Lodging,5071000064,7.74%,9.17%,16.66%,1457000000.0,28.73%,0.19%,-,-,-,-,2026-05-15 07:58:42
230,MGM,N/A,Consumer Cyclical / Resorts & Casinos,17715318784,1.72%,6.66%,23.13%,205862000.0,1.16%,0.00%,22.23,割高,-,-,2026-05-15 07:58:42
231,WYNN,N/A,Consumer Cyclical / Resorts & Casinos,7294288896,0.14%,9.13%,73.87%,327334000.0,4.49%,1.04%,-,-,-,-,2026-05-15 07:58:42
232,LULU,N/A,Consumer Cyclical / Apparel Retail,11102600192,4.86%,10.07%,18.60%,1579183000.0,14.22%,0.00%,112.63,適正,-,-,2026-05-15 07:58:42
233,NVR,N/A,Consumer Cyclical / Residential Construction,9917295616,-1.91%,10.58%,-9.52%,1339816000.0,13.51%,0.00%,3475.88,割高,-,-,2026-05-15 07:58:42
234,PHM,N/A,Consumer Cyclical / Residential Construction,16827875328,-3.54%,11.74%,0.37%,2218730000.0,13.18%,0.92%,130.75,割安,-,-,2026-05-15 07:58:42
235,DHI,N/A,Consumer Cyclical / Residential Construction,33348399104,-6.93%,3.78%,5.92%,3585200000.0,10.75%,1.28%,149.85,割安,-,-,2026-05-15 07:58:42
236,LEN,N/A,Consumer Cyclical / Residential Construction,33174865920,-3.54%,3.53%,1.67%,2078179000.0,6.26%,2.35%,123.17,超割安,-,-,2026-05-15 07:58:42
237,TSCO,N/A,Consumer Cyclical / Specialty Retail,15649139712,4.31%,2.25%,2.47%,1096087000.0,7.00%,3.22%,15.97,割高,-,-,2026-05-15 07:58:42
238,ROST,N/A,Consumer Cyclical / Apparel Retail,22750558208,7.67%,3.69%,8.99%,2145044000.0,9.43%,0.84%,59.37,割高,-,-,2026-05-15 07:58:42
239,BBY,N/A,Consumer Cyclical / Specialty Retail,41691000832,0.39%,-4.43%,-6.15%,1069000000.0,2.56%,6.92%,47.29,適正,-,-,2026-05-15 07:58:42
240,ULTA,N/A,Consumer Cyclical / Specialty Retail,12392819712,9.71%,0.79%,9.78%,1153479000.0,9.31%,0.00%,212.63,割高,-,-,2026-05-15 07:58:42
241,GPC,N/A,Consumer Cyclical / Auto Parts,24699011072,3.46%,1.71%,4.50%,65945000.0,0.27%,4.30%,78.27,適正,-,-,2026-05-15 07:58:42
242,POOL,N/A,Industrials / Industrial Distribution,5355884032,-0.41%,-4.16%,-10.33%,406404000.0,7.59%,2.97%,91.77,割高,-,-,2026-05-15 07:58:42
243,HAS,N/A,Consumer Cyclical / Leisure,4701300224,13.68%,-17.34%,-14.57%,-322400000.0,-6.86%,2.98%,23.42,割高,-,-,2026-05-15 07:58:42
244,MAT,N/A,Consumer Cyclical / Leisure,5383164928,-0.59%,-1.13%,0.12%,397584000.0,7.39%,0.00%,16.04,割安,-,-,2026-05-15 07:58:42
245,W,N/A,Consumer Cyclical / Internet Retail,12657999872,5.11%,-1.27%,-1.76%,-313000000.0,-2.47%,0.00%,-,-,-,-,2026-05-15 07:58:42
246,ETY,N/A,Financial Services / Asset Management,18555544,-55.12%,240.77%,-,305523017.0,1646.53%,7.91%,-,-,-,-,2026-05-15 07:58:42
247,WSM,N/A,Consumer Cyclical / Specialty Retail,7806816256,1.24%,-0.50%,-10.65%,1088437000.0,13.94%,1.77%,63.27,割高,-,-,2026-05-15 07:58:42
248,RVLV,N/A,Consumer Cyclical / Internet Retail,1271853056,8.48%,5.73%,-2.97%,61709000.0,4.85%,0.00%,13.44,割高,-,-,2026-05-15 07:58:42
249,KMX,N/A,Consumer Cyclical / Auto & Truck Dealerships,27755030528,-1.79%,-0.69%,-10.61%,247290000.0,0.89%,0.00%,51.09,割安,-,-,2026-05-15 07:58:42
250,WMT,N/A,Consumer Defensive / Discount Stores,713163014144,4.73%,5.07%,6.03%,21893000000.0,3.07%,0.75%,30.43,割高,-,-,2026-05-15 07:58:42
251,PG,N/A,Consumer Defensive / Household & Personal Products,86716997632,0.29%,2.48%,2.27%,15974000000.0,18.42%,2.99%,60.68,割高,-,-,2026-05-15 07:58:42
252,KO,N/A,Consumer Defensive / Beverages - Non-Alcoholic,49284001792,1.87%,2.86%,6.39%,13107000000.0,26.59%,2.64%,24.75,割高,-,-,2026-05-15 07:58:42
253,PEP,N/A,Consumer Defensive / Beverages - Non-Alcoholic,95448997888,2.25%,0.42%,5.88%,8240000000.0,8.63%,3.97%,56.72,割高,-,-,2026-05-15 07:58:42
254,COST,N/A,Consumer Defensive / Discount Stores,286265016320,8.17%,5.02%,6.76%,8099000000.0,2.83%,0.57%,137.43,割高,-,-,2026-05-15 07:58:42
255,PM,N/A,Consumer Defensive / Tobacco,41493000192,7.31%,7.69%,10.74%,11348000000.0,27.35%,3.13%,-,-,-,-,2026-05-15 07:58:42
256,MO,N/A,Consumer Defensive / Tobacco,20377999360,-1.49%,-0.28%,-0.90%,6947000000.0,34.09%,5.93%,-,-,-,-,2026-05-15 07:58:42
257,MDLZ,N/A,Consumer Defensive / Confectioners,39303999488,5.75%,1.18%,14.35%,2451000000.0,6.24%,3.25%,39.11,割高,-,-,2026-05-15 07:58:42
258,CL,N/A,Consumer Defensive / Household & Personal Products,20795000832,1.40%,3.31%,8.29%,2132000000.0,10.25%,2.41%,2.47,割高,-,-,2026-05-15 07:58:42
259,KMB,N/A,Consumer Defensive / Household & Personal Products,16556000256,-2.13%,-1.99%,-15.01%,2021000000.0,12.21%,5.28%,30.37,割高,-,-,2026-05-15 07:58:42
260,STZ,N/A,Consumer Defensive / Beverages - Brewers,9139000320,-10.48%,2.48%,5.39%,1686700000.0,18.46%,2.93%,114.54,適正,-,-,2026-05-15 07:58:42
261,TGT,N/A,Consumer Defensive / Discount Stores,104779997184,-1.68%,-0.79%,-1.57%,3705000000.0,3.54%,3.75%,82.73,割高,-,-,2026-05-15 07:58:42
262,DG,N/A,Consumer Defensive / Discount Stores,42724368384,5.20%,4.96%,2.24%,1512311000.0,3.54%,2.32%,83.25,適正,-,-,2026-05-15 07:58:42
263,GIS,N/A,Consumer Defensive / Packaged Foods,18371198976,-1.87%,-1.18%,5.80%,2295200000.0,12.49%,7.26%,27.63,適正,-,-,2026-05-15 07:58:42
264,SYY,N/A,Consumer Defensive / Food Distribution,83567001600,3.20%,3.30%,11.20%,1828000000.0,2.19%,3.01%,23.05,割高,-,-,2026-05-15 07:58:42
265,ADM,N/A,Consumer Defensive / Farm Products,80583999488,-6.15%,-8.95%,-7.50%,1078000000.0,1.34%,2.51%,74.33,適正,-,-,2026-05-15 07:58:42
266,KR,N/A,Consumer Defensive / Grocery Stores,147642007552,0.35%,-1.94%,1.20%,1016000000.0,0.69%,2.11%,34.21,割高,-,-,2026-05-15 07:58:42
267,HSY,N/A,Consumer Defensive / Confectioners,11991323648,4.38%,0.33%,7.16%,883259000.0,7.37%,2.97%,72.1,割高,-,-,2026-05-15 07:58:42
268,CHD,N/A,Consumer Defensive / Household & Personal Products,6205400064,1.57%,4.08%,9.16%,736800000.0,11.87%,1.29%,39.93,割高,-,-,2026-05-15 07:58:42
269,MKC,N/A,Consumer Defensive / Packaged Foods,7108700160,1.73%,0.92%,4.91%,789400000.0,11.10%,4.21%,44.23,適正,-,-,2026-05-15 07:58:42
270,TSN,N/A,Consumer Defensive / Farm Products,55709999104,2.12%,0.81%,-0.75%,474000000.0,0.85%,3.05%,72.72,割安,-,-,2026-05-15 07:58:42
271,CPB,N/A,Consumer Defensive / Packaged Foods,10037000192,6.40%,2.98%,9.29%,602000000.0,6.00%,7.67%,25.72,割安,-,-,2026-05-15 07:58:42
272,SJM,N/A,Consumer Defensive / Packaged Foods,8926600192,6.69%,-4.11%,6.63%,-1230800000.0,-13.79%,4.36%,104.86,割安,-,-,2026-05-15 07:58:42
273,MNST,N/A,Consumer Defensive / Beverages - Non-Alcoholic,8793075712,10.70%,4.94%,13.14%,1905432000.0,21.67%,0.00%,22.74,割高,-,-,2026-05-15 07:58:42
274,EL,N/A,Consumer Defensive / Household & Personal Products,14833000448,-8.21%,-1.90%,-10.30%,-1133000000.0,-7.64%,1.70%,28.25,割高,-,-,2026-05-15 07:58:42
275,KVUE,N/A,Consumer Defensive / Household & Personal Products,15292000256,-2.14%,0.07%,3.30%,1470000000.0,9.61%,4.83%,12.51,割高,-,-,2026-05-15 07:58:42
276,POST,N/A,Consumer Defensive / Packaged Foods,8448799744,2.97%,13.33%,19.48%,335700000.0,3.97%,0.00%,117.66,割安,-,-,2026-05-15 07:58:42
277,DLTR,N/A,Consumer Defensive / Discount Stores,19411800064,10.43%,4.75%,8.89%,1282500000.0,6.61%,0.00%,55.98,割高,-,-,2026-05-15 07:58:42
278,JPM,N/A,Financial Services / Banks - Diversified,173559005184,7.32%,9.35%,21.31%,57048000000.0,32.87%,2.00%,260.73,適正,-,-,2026-05-15 07:58:42
279,V,N/A,Financial Services / Credit Services,43027001344,11.34%,10.02%,11.41%,20058000000.0,46.62%,0.84%,81.82,割高,-,-,2026-05-15 07:58:42
280,MA,N/A,Financial Services / Credit Services,33938999296,16.42%,12.23%,12.87%,14968000000.0,44.10%,0.71%,62.28,割高,-,-,2026-05-15 07:58:42
281,BAC,N/A,Financial Services / Banks - Diversified,109590003712,6.84%,3.00%,8.23%,30509000000.0,27.84%,2.25%,66.23,割安,-,-,2026-05-15 07:58:42
282,MS,N/A,Financial Services / Capital Markets,73173999616,14.48%,13.72%,0.91%,16861000000.0,23.04%,2.06%,137.53,割高,-,-,2026-05-15 07:58:42
283,GS,N/A,Financial Services / Capital Markets,61532999680,8.92%,15.69%,-2.35%,17176000000.0,27.91%,1.88%,723.99,割高,-,-,2026-05-15 07:58:42
284,BLK,N/A,Financial Services / Asset Management,25638000640,18.67%,14.27%,-0.08%,5553000000.0,21.66%,2.09%,705.68,割高,-,-,2026-05-15 07:58:42
285,SPGI,N/A,Financial Services / Financial Data & Stock Exchanges,15729999872,7.94%,13.69%,11.77%,4471000000.0,28.42%,0.95%,229.38,割高,-,-,2026-05-15 07:58:42
286,AXP,N/A,Financial Services / Credit Services,68811997184,9.52%,8.98%,14.48%,10833000000.0,15.74%,1.23%,150.21,割高,-,-,2026-05-15 07:58:42
287,SCHW,N/A,Financial Services / Capital Markets,24803999744,22.01%,4.08%,-9.27%,8852000000.0,35.69%,1.40%,61.98,割高,-,-,2026-05-15 07:58:42
288,C,N/A,Financial Services / Banks - Diversified,78734000128,5.63%,3.31%,4.85%,14306000000.0,18.17%,1.93%,177.55,割安,-,-,2026-05-15 07:58:42
289,MCO,N/A,Financial Services / Financial Data & Stock Exchanges,7872999936,8.89%,19.81%,8.19%,2459000000.0,31.23%,0.94%,84.7,割高,-,-,2026-05-15 07:58:42
290,CB,N/A,Financial Services / Insurance - Property & Casualty,60987998208,6.74%,12.41%,15.73%,10310000000.0,16.90%,1.23%,353.46,割安,-,-,2026-05-15 07:58:42
291,USB,N/A,Financial Services / Banks - Regional,26646999040,4.41%,-2.42%,15.83%,7570000000.0,28.41%,3.91%,69.09,割安,-,-,2026-05-15 07:58:42
292,PNC,N/A,Financial Services / Banks - Regional,23042000896,10.90%,-3.25%,1.87%,6936000000.0,30.10%,3.24%,273.44,割安,-,-,2026-05-15 07:58:42
293,TFC,N/A,Financial Services / Banks - Regional,18656999424,53.03%,-33.68%,0.25%,5307000000.0,28.45%,4.47%,74.21,超割安,-,-,2026-05-15 07:58:42
294,MET,N/A,Financial Services / Insurance - Life,77583998976,7.88%,3.23%,0.78%,3379000000.0,4.36%,3.04%,103.48,割安,-,-,2026-05-15 07:58:42
295,AJG,N/A,Financial Services / Insurance Brokers,14197999616,20.66%,14.72%,17.79%,1494000000.0,10.52%,1.46%,175.85,適正,-,-,2026-05-15 07:58:42
296,TRV,N/A,Financial Services / Insurance - Property & Casualty,48941998080,5.17%,12.22%,12.13%,6288000000.0,12.85%,1.69%,310.7,割安,-,-,2026-05-15 07:58:42
297,PYPL,N/A,Financial Services / Credit Services,33734000640,4.32%,6.81%,8.19%,5233000000.0,15.51%,1.24%,53.52,割安,-,-,2026-05-15 07:58:42
298,SOFI,N/A,Financial Services / Credit Services,3908427008,38.32%,23.91%,33.98%,481320000.0,12.31%,0.00%,12.19,割高,-,-,2026-05-15 07:58:42
299,COIN,N/A,Financial Services / Financial Data & Stock Exchanges,6285964800,9.40%,111.17%,-2.69%,1260327000.0,20.05%,0.00%,74.16,割高,-,-,2026-05-15 07:58:42
300,NU,N/A,Financial Services / Banks - Regional,6991184896,28.50%,46.83%,89.56%,2868892000.0,41.04%,0.00%,7.75,割高,-,-,2026-05-15 07:58:42
301,HOOD,N/A,Financial Services / Capital Markets,4613000192,51.58%,58.23%,37.33%,1883000000.0,40.82%,0.00%,25.09,割高,-,-,2026-05-15 07:58:42
302,ICE,N/A,Financial Services / Financial Data & Stock Exchanges,10435000320,7.47%,18.76%,2.77%,3315000000.0,31.77%,1.34%,101.47,割高,-,-,2026-05-15 07:58:42
303,CME,N/A,Financial Services / Financial Data & Stock Exchanges,6743600128,6.37%,9.88%,11.15%,4072200000.0,60.39%,1.75%,145.99,割高,-,-,2026-05-15 07:58:42
304,MSCI,N/A,Financial Services / Financial Data & Stock Exchanges,3239459072,9.75%,12.94%,12.47%,1202305000.0,37.11%,1.44%,-,-,-,-,2026-05-15 07:58:42
305,AON,N/A,Financial Services / Insurance Brokers,17486000128,9.45%,17.36%,7.19%,3695000000.0,21.13%,1.06%,148.92,割高,-,-,2026-05-15 07:58:42
306,BRO,N/A,Financial Services / Insurance Brokers,6257999872,22.49%,12.05%,17.85%,1054000000.0,16.84%,1.19%,64.21,割安,-,-,2026-05-15 07:58:42
307,WFC,N/A,Financial Services / Banks - Diversified,81135001600,1.70%,-0.36%,11.07%,21338000000.0,26.30%,2.45%,96.98,割安,-,-,2026-05-15 07:58:42
308,BK,N/A,Financial Services / Banks - Diversified,20753999872,8.22%,5.27%,7.15%,5549000000.0,26.74%,1.57%,111.67,適正,-,-,2026-05-15 07:58:42
309,STT,N/A,Financial Services / Asset Management,14392999936,8.10%,8.15%,-1.48%,2945000000.0,20.46%,2.22%,164.45,割安,-,-,2026-05-15 07:58:42
310,NTRS,N/A,Financial Services / Asset Management,8363500032,-2.46%,22.39%,0.18%,1736900000.0,20.77%,1.96%,132.01,適正,-,-,2026-05-15 07:58:42
311,FITB,N/A,Financial Services / Banks - Regional,8999999488,6.61%,-1.84%,4.04%,2522000000.0,28.02%,3.39%,57.71,割安,-,-,2026-05-15 07:58:42
312,KEY,N/A,Financial Services / Banks - Regional,7200999936,65.72%,-29.27%,-11.54%,1829000000.0,25.40%,3.95%,27.9,割安,-,-,2026-05-15 07:58:42
313,RF,N/A,Financial Services / Banks - Regional,7177999872,6.25%,-6.51%,5.74%,2156000000.0,30.04%,3.98%,36.18,割安,-,-,2026-05-15 07:58:42
314,HBAN,N/A,Financial Services / Banks - Regional,8297999872,10.10%,0.34%,1.46%,2211000000.0,26.64%,4.04%,25.02,超割安,-,-,2026-05-15 07:58:42
315,CFG,N/A,Financial Services / Banks - Regional,7885000192,5.61%,-5.05%,2.53%,1831000000.0,23.22%,3.04%,90.14,超割安,-,-,2026-05-15 07:58:42
316,MTB,N/A,Financial Services / Banks - Regional,9310000128,4.34%,-1.78%,17.28%,2851000000.0,30.62%,2.94%,285.55,割安,-,-,2026-05-15 07:58:42
317,COF,N/A,Financial Services / Credit Services,36310999040,36.62%,6.32%,7.41%,2453000000.0,6.76%,1.76%,307.01,超割安,-,-,2026-05-15 07:58:42
318,SYF,N/A,Financial Services / Credit Services,9891999744,-7.09%,18.33%,16.73%,3552000000.0,35.91%,1.72%,103.34,超割安,-,-,2026-05-15 07:58:42
319,ALL,N/A,Financial Services / Insurance - Property & Casualty,68174000128,5.60%,12.24%,11.80%,10282000000.0,15.08%,2.00%,260.04,割安,-,-,2026-05-15 07:58:42
320,PGR,N/A,Financial Services / Insurance - Property & Casualty,89415000064,16.32%,21.36%,25.20%,11308000000.0,12.65%,7.09%,141.32,割高,-,-,2026-05-15 07:58:42
321,AFL,N/A,Financial Services / Insurance - Life,18112000000,-9.27%,1.52%,-1.62%,3646000000.0,20.13%,2.11%,100.43,適正,-,-,2026-05-15 07:58:42
322,PRU,N/A,Financial Services / Insurance - Life,63288999936,-13.74%,30.24%,-4.77%,3576000000.0,5.65%,5.47%,175.19,超割安,-,-,2026-05-15 07:58:42
323,L,N/A,Financial Services / Insurance - Property & Casualty,18514999296,5.44%,9.96%,11.59%,1667000000.0,9.00%,0.24%,77.01,割高,-,-,2026-05-15 07:58:42
324,IVZ,N/A,Financial Services / Asset Management,6592399872,5.11%,6.13%,-5.50%,-281700000.0,-4.27%,3.06%,38.31,割安,-,-,2026-05-15 07:58:42
325,UNH,N/A,Healthcare / Healthcare Plans,449713012736,11.81%,7.71%,14.64%,12056000000.0,2.68%,2.20%,220.24,割高,-,-,2026-05-15 07:58:42
326,JNJ,N/A,Healthcare / Drug Manufacturers - General,96361996288,6.05%,4.30%,6.46%,26804000000.0,27.82%,2.33%,98.22,割高,-,-,2026-05-15 07:58:42
327,LLY,N/A,Healthcare / Drug Manufacturers - General,72248999936,44.70%,32.00%,19.56%,20640000000.0,28.57%,0.68%,186.84,割高,-,-,2026-05-15 07:58:42
328,ABBV,N/A,Healthcare / Drug Manufacturers - General,62819000320,8.57%,3.71%,-6.44%,4226000000.0,6.73%,3.32%,-,-,-,-,2026-05-15 07:58:42
329,PFE,N/A,Healthcare / Drug Manufacturers - General,63315001344,-1.65%,6.84%,-41.14%,7771000000.0,12.27%,6.63%,31.19,割安,-,-,2026-05-15 07:58:42
330,TMO,N/A,Healthcare / Diagnostics & Research,45197000704,3.91%,0.05%,-4.58%,6704000000.0,14.83%,0.39%,295.46,割高,-,-,2026-05-15 07:58:42
331,ABT,N/A,Healthcare / Medical Devices,45134000128,5.67%,4.59%,-8.12%,6524000000.0,14.45%,3.01%,63.86,割高,-,-,2026-05-15 07:58:42
332,DHR,N/A,Healthcare / Diagnostics & Research,24778000384,2.90%,-0.06%,-10.33%,3614000000.0,14.59%,0.96%,123.74,割高,-,-,2026-05-15 07:58:42
333,AMGN,N/A,Healthcare / Drug Manufacturers - General,37219999744,9.95%,18.57%,7.09%,7711000000.0,20.72%,3.00%,94.81,割高,-,-,2026-05-15 07:58:42
334,MDT,N/A,Healthcare / Medical Devices,35484000256,3.62%,3.64%,-1.45%,4662000000.0,13.14%,3.73%,72.16,適正,-,-,2026-05-15 07:58:42
335,GILD,N/A,Healthcare / Drug Manufacturers - General,29735999488,2.39%,6.04%,-0.60%,8510000000.0,28.62%,2.47%,62.91,割高,-,-,2026-05-15 07:58:42
336,ELV,N/A,Healthcare / Healthcare Plans,200416002048,12.62%,3.19%,9.42%,5662000000.0,2.83%,1.72%,364.43,適正,-,-,2026-05-15 07:58:42
337,SYK,N/A,Healthcare / Medical Devices,25269999616,11.16%,10.23%,11.11%,3246000000.0,12.85%,1.17%,148.46,割高,-,-,2026-05-15 07:58:42
338,REGN,N/A,Healthcare / Biotechnology,14919600128,0.99%,8.27%,7.76%,4504900000.0,30.19%,0.52%,607.63,適正,-,-,2026-05-15 07:58:42
339,VRTX,N/A,Healthcare / Biotechnology,12218000384,8.90%,11.66%,10.51%,3953200000.0,32.36%,0.00%,192.35,割高,-,-,2026-05-15 07:58:42
340,CI,N/A,Healthcare / Healthcare Plans,277892005888,12.48%,25.21%,8.42%,5957000000.0,2.14%,2.08%,347.0,割安,-,-,2026-05-15 07:58:42
341,BSX,N/A,Healthcare / Medical Devices,20614000640,19.87%,17.61%,12.29%,2898000000.0,14.06%,0.00%,38.39,割高,-,-,2026-05-15 07:58:42
342,BDX,N/A,Healthcare / Medical Instruments & Supplies,22226999296,8.24%,4.16%,2.66%,1678000000.0,7.55%,2.91%,162.78,割安,-,-,2026-05-15 07:58:42
343,HCA,N/A,Healthcare / Medical Care Facilities,76387999744,7.08%,8.67%,7.86%,6784000000.0,8.88%,0.73%,-,-,-,-,2026-05-15 07:58:42
344,ISRG,N/A,Healthcare / Medical Instruments & Supplies,10582099968,20.51%,17.24%,14.49%,,-,0.00%,114.36,割高,-,-,2026-05-15 07:58:42
345,MRNA,N/A,Healthcare / Biotechnology,2224999936,-39.92%,-52.64%,-64.22%,-2822000000.0,-126.83%,0.00%,-,-,-,-,2026-05-15 07:58:42
346,BIIB,N/A,Healthcare / Drug Manufacturers - General,9937399808,2.22%,-1.62%,-3.32%,1292900000.0,13.01%,0.00%,217.07,割安,-,-,2026-05-15 07:58:42
347,BMY,N/A,Healthcare / Drug Manufacturers - General,48482000896,-0.22%,7.32%,-2.50%,7054000000.0,14.55%,4.47%,36.88,割高,-,-,2026-05-15 07:58:42
348,CVS,N/A,Healthcare / Healthcare Plans,405617999872,7.85%,4.20%,10.95%,1768000000.0,0.44%,2.71%,107.0,割安,-,-,2026-05-15 07:58:42
349,HUM,N/A,Healthcare / Healthcare Plans,137200001024,10.11%,10.70%,14.54%,1188000000.0,0.87%,1.16%,224.8,割高,-,-,2026-05-15 07:58:42
350,MCK,N/A,Healthcare / Medical Distribution,403430014976,16.22%,11.65%,4.83%,3295000000.0,0.82%,0.44%,-,-,-,-,2026-05-15 07:58:42
351,CAH,N/A,Healthcare / Medical Distribution,250735001600,-1.87%,10.66%,13.04%,1561000000.0,0.62%,1.10%,-,-,-,-,2026-05-15 07:58:42
352,EW,N/A,Healthcare / Medical Devices,6303499776,11.55%,8.57%,12.23%,1073500000.0,17.03%,0.00%,36.7,割高,-,-,2026-05-15 07:58:42
353,IDXX,N/A,Healthcare / Diagnostics & Research,4446094848,10.42%,6.46%,8.72%,1059464000.0,23.83%,0.00%,86.48,割高,-,-,2026-05-15 07:58:42
354,IQV,N/A,Healthcare / Diagnostics & Research,16632000512,5.87%,2.81%,3.98%,1360000000.0,8.18%,0.00%,110.64,割高,-,-,2026-05-15 07:58:42
355,CNC,N/A,Healthcare / Healthcare Plans,178331992064,19.44%,5.89%,6.54%,-6674000000.0,-3.74%,0.00%,66.0,割安,-,-,2026-05-15 07:58:42
356,ALGN,N/A,Healthcare / Medical Instruments & Supplies,4095789056,0.90%,3.54%,3.42%,410351000.0,10.02%,0.00%,126.99,適正,-,-,2026-05-15 07:58:42
357,ZTS,N/A,Healthcare / Drug Manufacturers - Specialty & Generic,9530999808,2.28%,8.33%,5.74%,2673000000.0,28.05%,2.85%,36.29,割高,-,-,2026-05-15 07:58:42
358,MTD,N/A,Healthcare / Diagnostics & Research,4089782016,3.98%,2.22%,-3.35%,869193000.0,21.25%,0.00%,-,-,-,-,2026-05-15 07:58:42
359,RMD,N/A,Healthcare / Medical Instruments & Supplies,5537788928,9.84%,10.95%,18.02%,1400723000.0,25.29%,1.19%,108.94,割高,-,-,2026-05-15 07:58:42
360,DXCM,N/A,Healthcare / Medical Devices,4817900032,15.60%,11.34%,24.49%,836300000.0,17.36%,0.00%,22.92,割高,-,-,2026-05-15 07:58:42
361,BAX,N/A,Healthcare / Medical Instruments & Supplies,11320000512,5.72%,2.66%,3.01%,-957000000.0,-8.45%,1.16%,23.01,割安,-,-,2026-05-15 07:58:42
362,ZBH,N/A,Healthcare / Medical Devices,8409099776,7.20%,3.85%,6.55%,705100000.0,8.38%,1.16%,115.15,割安,-,-,2026-05-15 07:58:42
363,VTRS,N/A,Healthcare / Drug Manufacturers - Specialty & Generic,14562599936,-2.98%,-4.46%,-5.14%,-3514900000.0,-24.14%,2.76%,27.74,超割安,-,-,2026-05-15 07:58:42
364,GEHC,N/A,Healthcare / Medical Devices,20978999296,4.84%,0.61%,6.60%,2084000000.0,9.93%,0.23%,52.51,適正,-,-,2026-05-15 07:58:42
365,ILMN,N/A,Healthcare / Diagnostics & Research,4392999936,-0.66%,-2.93%,-1.75%,850000000.0,19.35%,0.00%,48.23,割高,-,-,2026-05-15 07:58:42
366,WAT,N/A,Healthcare / Diagnostics & Research,3770286080,6.99%,0.07%,-0.52%,642629000.0,17.04%,0.00%,125.91,割高,-,-,2026-05-15 07:58:42
367,STE,N/A,Healthcare / Medical Devices,5935900160,6.24%,13.28%,7.41%,614641000.0,10.35%,1.19%,140.91,割高,-,-,2026-05-15 07:58:42
368,HOLX,N/A,Healthcare / Medical Instruments & Supplies,4126500096,1.74%,-0.00%,-17.12%,565700000.0,13.71%,0.00%,50.71,割高,-,-,2026-05-15 07:58:42
369,CVX,N/A,Energy / Oil & Gas Integrated,185740001280,-4.64%,-1.78%,-16.46%,12299000000.0,6.62%,3.83%,159.12,適正,-,-,2026-05-15 07:58:42
370,XOM,N/A,Energy / Oil & Gas Integrated,326008012800,-4.52%,1.36%,-16.05%,28844000000.0,8.85%,2.72%,120.71,適正,-,-,2026-05-15 07:58:42
371,SLB,N/A,Energy / Oil & Gas Equipment & Services,35939000320,-1.60%,9.52%,17.96%,3374000000.0,9.39%,2.13%,37.05,割高,-,-,2026-05-15 07:58:42
372,COP,N/A,Energy / Oil & Gas E&P,59377999872,7.67%,-2.49%,-28.48%,7988000000.0,13.45%,2.86%,102.45,適正,-,-,2026-05-15 07:58:42
373,EOG,N/A,Energy / Oil & Gas E&P,23569999872,-3.40%,0.85%,-21.40%,4980000000.0,21.13%,3.02%,136.81,割安,-,-,2026-05-15 07:58:42
374,MPC,N/A,Energy / Oil & Gas Refining & Marketing,135946002432,-4.44%,-6.41%,-16.38%,4047000000.0,2.98%,1.57%,170.31,割高,-,-,2026-05-15 07:58:42
375,PSX,N/A,Energy / Oil & Gas Refining & Marketing,134485999616,-7.53%,-2.88%,-13.29%,4403000000.0,3.27%,2.96%,160.57,適正,-,-,2026-05-15 07:58:42
376,VLO,N/A,Energy / Oil & Gas Refining & Marketing,117841002496,-5.54%,-10.28%,-17.93%,2348000000.0,1.99%,1.97%,182.51,割高,-,-,2026-05-15 07:58:42
377,LIN,N/A,Basic Materials / Specialty Chemicals,34654998528,2.97%,0.46%,-1.53%,6898000000.0,19.90%,1.25%,191.25,割高,-,-,2026-05-15 07:58:42
378,APD,N/A,Basic Materials / Specialty Chemicals,12463899648,-0.52%,-3.96%,-0.78%,-394500000.0,-3.17%,2.36%,150.08,割高,-,-,2026-05-15 07:58:42
379,SHW,N/A,Basic Materials / Specialty Chemicals,23935500288,2.06%,0.20%,4.08%,2568500000.0,10.73%,1.04%,73.45,割高,-,-,2026-05-15 07:58:42
380,FCX,N/A,Basic Materials / Copper,26421000192,1.81%,11.38%,0.33%,2204000000.0,8.34%,0.89%,33.69,割高,-,-,2026-05-15 07:58:42
381,NEM,N/A,Basic Materials / Gold,24966000640,21.34%,58.16%,-0.86%,7085000000.0,28.38%,0.87%,91.12,適正,-,-,2026-05-15 07:58:42
382,CTVA,N/A,Basic Materials / Agricultural Inputs,17888999424,2.92%,-1.85%,-1.31%,1094000000.0,6.12%,0.86%,57.47,割高,-,-,2026-05-15 07:58:42
383,DD,N/A,Basic Materials / Specialty Chemicals,6918000128,1.93%,1.59%,-49.19%,-779000000.0,-11.26%,1.56%,44.92,適正,-,-,2026-05-15 07:58:42
384,ECL,N/A,Basic Materials / Specialty Chemicals,16452299776,2.16%,2.75%,7.98%,2075600000.0,12.62%,1.17%,87.7,割高,-,-,2026-05-15 07:58:42
385,UNP,N/A,Industrials / Railroads,24700000256,1.07%,0.54%,-3.04%,7138000000.0,28.90%,2.09%,97.91,割高,-,-,2026-05-15 07:58:42
386,CAT,N/A,Industrials / Farm & Heavy Construction Machinery,70755000320,4.29%,-3.36%,12.84%,8884000000.0,12.56%,0.67%,164.59,割高,-,-,2026-05-15 07:58:42
387,HON,N/A,Industrials / Conglomerates,37660000256,7.85%,5.17%,-6.93%,4729000000.0,12.56%,2.18%,74.39,割高,-,-,2026-05-15 07:58:42
388,RTX,N/A,Industrials / Aerospace & Defense,90372997120,9.74%,17.15%,2.75%,6732000000.0,7.45%,1.56%,90.91,割高,-,-,2026-05-15 07:58:42
389,GE,N/A,Industrials / Aerospace & Defense,48312999936,18.48%,9.49%,21.31%,8704000000.0,18.02%,0.64%,58.91,割高,-,-,2026-05-15 07:58:42
390,DE,N/A,Industrials / Farm & Heavy Construction Machinery,46731001856,-11.59%,-16.15%,17.48%,5027000000.0,10.76%,1.12%,224.55,割高,-,-,2026-05-15 07:58:42
391,UPS,N/A,Industrials / Integrated Freight & Logistics,88317001728,-2.65%,0.12%,-9.35%,5572000000.0,6.31%,6.66%,58.66,割高,-,-,2026-05-15 07:58:42
392,LMT,N/A,Industrials / Aerospace & Defense,75106000896,5.64%,5.14%,2.41%,5017000000.0,6.68%,2.65%,153.31,割高,-,-,2026-05-15 07:58:42
393,ITW,N/A,Industrials / Specialty Industrial Machinery,16220999680,0.92%,-1.30%,1.10%,3066000000.0,18.90%,2.57%,55.32,割高,-,-,2026-05-15 07:58:42
394,NOC,N/A,Industrials / Aerospace & Defense,42367000576,2.24%,4.44%,7.34%,4182000000.0,9.87%,1.67%,286.07,割高,-,-,2026-05-15 07:58:42
395,ETN,N/A,Industrials / Specialty Industrial Machinery,28522000384,10.33%,7.25%,11.78%,4087000000.0,14.33%,1.08%,134.06,割高,-,-,2026-05-15 07:58:42
396,CSX,N/A,Industrials / Railroads,14151000064,-3.08%,-0.80%,-1.32%,2889000000.0,20.42%,1.26%,18.81,割高,-,-,2026-05-15 07:58:42
397,NSC,N/A,Industrials / Railroads,12184999936,0.47%,-0.27%,-4.62%,2873000000.0,23.58%,1.74%,146.31,割高,-,-,2026-05-15 07:58:42
398,WM,N/A,Industrials / Waste Management,25412999168,14.24%,8.01%,3.70%,2708000000.0,10.66%,1.64%,71.99,割高,-,-,2026-05-15 07:58:42
